{
  "id": "2998754",
  "name": "LuckyIconfont",
  "font_family": "iconfont",
  "css_prefix_text": "icon-",
  "description": "",
  "glyphs": [
    {
      "icon_id": "29422166",
      "name": "物流",
      "font_class": "RectangleCopy93-copy",
      "unicode": "e947",
      "unicode_decimal": 59719
    },
    {
      "icon_id": "29422167",
      "name": "销量计划",
      "font_class": "RectangleCopy39-copy",
      "unicode": "e948",
      "unicode_decimal": 59720
    },
    {
      "icon_id": "29422168",
      "name": "销量实时看板",
      "font_class": "RectangleCopy60-copy",
      "unicode": "e949",
      "unicode_decimal": 59721
    },
    {
      "icon_id": "29422169",
      "name": "销量预测",
      "font_class": "RectangleCopy56-copy",
      "unicode": "e94a",
      "unicode_decimal": 59722
    },
    {
      "icon_id": "29422170",
      "name": "销售",
      "font_class": "RectangleCopy12-copy",
      "unicode": "e94b",
      "unicode_decimal": 59723
    },
    {
      "icon_id": "29422171",
      "name": "销售管理",
      "font_class": "RectangleCopy20-copy",
      "unicode": "e94c",
      "unicode_decimal": 59724
    },
    {
      "icon_id": "29422172",
      "name": "销售计划",
      "font_class": "RectangleCopy31-copy",
      "unicode": "e94d",
      "unicode_decimal": 59725
    },
    {
      "icon_id": "29422173",
      "name": "协同计划",
      "font_class": "RectangleCopy40-copy",
      "unicode": "e94e",
      "unicode_decimal": 59726
    },
    {
      "icon_id": "29422174",
      "name": "选品系统",
      "font_class": "RectangleCopy68-copy",
      "unicode": "e94f",
      "unicode_decimal": 59727
    },
    {
      "icon_id": "29422175",
      "name": "营销流量配置",
      "font_class": "RectangleCopy66-copy",
      "unicode": "e950",
      "unicode_decimal": 59728
    },
    {
      "icon_id": "29422176",
      "name": "营销流量配置",
      "font_class": "RectangleCopy70-copy",
      "unicode": "e951",
      "unicode_decimal": 59729
    },
    {
      "icon_id": "29422177",
      "name": "优化计划",
      "font_class": "RectangleCopy36-copy",
      "unicode": "e952",
      "unicode_decimal": 59730
    },
    {
      "icon_id": "29422178",
      "name": "预约",
      "font_class": "RectangleCopy92-copy",
      "unicode": "e953",
      "unicode_decimal": 59731
    },
    {
      "icon_id": "29422179",
      "name": "运营工具",
      "font_class": "RectangleCopy67-copy",
      "unicode": "e954",
      "unicode_decimal": 59732
    },
    {
      "icon_id": "29422180",
      "name": "运营管理",
      "font_class": "RectangleCopy29-copy",
      "unicode": "e955",
      "unicode_decimal": 59733
    },
    {
      "icon_id": "29422181",
      "name": "运营中枢",
      "font_class": "RectangleCopy62-copy",
      "unicode": "e956",
      "unicode_decimal": 59734
    },
    {
      "icon_id": "29422182",
      "name": "增值服务",
      "font_class": "RectangleCopy83-copy",
      "unicode": "e957",
      "unicode_decimal": 59735
    },
    {
      "icon_id": "29422183",
      "name": "招商管理",
      "font_class": "RectangleCopy16-copy",
      "unicode": "e958",
      "unicode_decimal": 59736
    },
    {
      "icon_id": "29422184",
      "name": "智慧营销管理",
      "font_class": "Change2-copy",
      "unicode": "e959",
      "unicode_decimal": 59737
    },
    {
      "icon_id": "29422185",
      "name": "赚翻乐",
      "font_class": "RectangleCopy77-copy",
      "unicode": "e95a",
      "unicode_decimal": 59738
    },
    {
      "icon_id": "29422186",
      "name": "准确率分析",
      "font_class": "RectangleCopy48-copy",
      "unicode": "e95b",
      "unicode_decimal": 59739
    },
    {
      "icon_id": "29422093",
      "name": "合同",
      "font_class": "Change0-copy",
      "unicode": "e900",
      "unicode_decimal": 59648
    },
    {
      "icon_id": "29422094",
      "name": "智慧销售管理",
      "font_class": "Change1-copy",
      "unicode": "e901",
      "unicode_decimal": 59649
    },
    {
      "icon_id": "29422095",
      "name": "补货计划",
      "font_class": "RectangleCopy41-copy",
      "unicode": "e902",
      "unicode_decimal": 59650
    },
    {
      "icon_id": "29422096",
      "name": "财务分析",
      "font_class": "RectangleCopy53-copy",
      "unicode": "e903",
      "unicode_decimal": 59651
    },
    {
      "icon_id": "29422097",
      "name": "超级服务",
      "font_class": "RectangleCopy89-copy",
      "unicode": "e904",
      "unicode_decimal": 59652
    },
    {
      "icon_id": "29422099",
      "name": "成本查询",
      "font_class": "RectangleCopy44-copy",
      "unicode": "e905",
      "unicode_decimal": 59653
    },
    {
      "icon_id": "29422101",
      "name": "单仓发全国",
      "font_class": "RectangleCopy84-copy",
      "unicode": "e907",
      "unicode_decimal": 59655
    },
    {
      "icon_id": "29422102",
      "name": "订单履约看板",
      "font_class": "RectangleCopy58-copy",
      "unicode": "e908",
      "unicode_decimal": 59656
    },
    {
      "icon_id": "29422103",
      "name": "定位",
      "font_class": "dingwei-copy",
      "unicode": "e909",
      "unicode_decimal": 59657
    },
    {
      "icon_id": "29422105",
      "name": "多维度看板",
      "font_class": "RectangleCopy54-copy",
      "unicode": "e90a",
      "unicode_decimal": 59658
    },
    {
      "icon_id": "29422106",
      "name": "分销商结算",
      "font_class": "RectangleCopy46-copy",
      "unicode": "e90b",
      "unicode_decimal": 59659
    },
    {
      "icon_id": "29422107",
      "name": "风控",
      "font_class": "RectangleCopy8-copy",
      "unicode": "e90c",
      "unicode_decimal": 59660
    },
    {
      "icon_id": "29422108",
      "name": "风控管理",
      "font_class": "Change5-copy",
      "unicode": "e90d",
      "unicode_decimal": 59661
    },
    {
      "icon_id": "29422109",
      "name": "岗位授权",
      "font_class": "RectangleCopy11-copy",
      "unicode": "e90e",
      "unicode_decimal": 59662
    },
    {
      "icon_id": "29422110",
      "name": "岗位授权管理",
      "font_class": "Change6-copy",
      "unicode": "e90f",
      "unicode_decimal": 59663
    },
    {
      "icon_id": "29422111",
      "name": "公告管理",
      "font_class": "RectangleCopy22-copy",
      "unicode": "e910",
      "unicode_decimal": 59664
    },
    {
      "icon_id": "29422112",
      "name": "供应商结算",
      "font_class": "RectangleCopy42-copy",
      "unicode": "e911",
      "unicode_decimal": 59665
    },
    {
      "icon_id": "29422114",
      "name": "合同管理",
      "font_class": "Change4-copy",
      "unicode": "e913",
      "unicode_decimal": 59667
    },
    {
      "icon_id": "29422115",
      "name": "后端商品毛利",
      "font_class": "RectangleCopy43-copy",
      "unicode": "e914",
      "unicode_decimal": 59668
    },
    {
      "icon_id": "29422116",
      "name": "会场",
      "font_class": "RectangleCopy27-copy",
      "unicode": "e915",
      "unicode_decimal": 59669
    },
    {
      "icon_id": "29422117",
      "name": "会场管理",
      "font_class": "RectangleCopy28-copy",
      "unicode": "e916",
      "unicode_decimal": 59670
    },
    {
      "icon_id": "29422118",
      "name": "活动复盘",
      "font_class": "RectangleCopy74-copy",
      "unicode": "e917",
      "unicode_decimal": 59671
    },
    {
      "icon_id": "29422119",
      "name": "活动管理",
      "font_class": "RectangleCopy9-copy",
      "unicode": "e918",
      "unicode_decimal": 59672
    },
    {
      "icon_id": "29422120",
      "name": "活动监控",
      "font_class": "RectangleCopy82-copy",
      "unicode": "e919",
      "unicode_decimal": 59673
    },
    {
      "icon_id": "29422121",
      "name": "活动全景",
      "font_class": "RectangleCopy81-copy",
      "unicode": "e91a",
      "unicode_decimal": 59674
    },
    {
      "icon_id": "29422122",
      "name": "活动协同",
      "font_class": "RectangleCopy73-copy",
      "unicode": "e91b",
      "unicode_decimal": 59675
    },
    {
      "icon_id": "29422123",
      "name": "活动协同",
      "font_class": "RectangleCopy80-copy",
      "unicode": "e91c",
      "unicode_decimal": 59676
    },
    {
      "icon_id": "29422124",
      "name": "货品调拨监控",
      "font_class": "RectangleCopy64-copy",
      "unicode": "e91d",
      "unicode_decimal": 59677
    },
    {
      "icon_id": "29422125",
      "name": "绩效",
      "font_class": "RectangleCopy13-copy",
      "unicode": "e91e",
      "unicode_decimal": 59678
    },
    {
      "icon_id": "29422126",
      "name": "绩效管理",
      "font_class": "Change7-copy",
      "unicode": "e91f",
      "unicode_decimal": 59679
    },
    {
      "icon_id": "29422127",
      "name": "价值评估",
      "font_class": "RectangleCopy75-copy",
      "unicode": "e920",
      "unicode_decimal": 59680
    },
    {
      "icon_id": "29422128",
      "name": "结算工具箱",
      "font_class": "RectangleCopy45-copy",
      "unicode": "e921",
      "unicode_decimal": 59681
    },
    {
      "icon_id": "29422129",
      "name": "结算效率分析",
      "font_class": "RectangleCopy61-copy",
      "unicode": "e922",
      "unicode_decimal": 59682
    },
    {
      "icon_id": "29422130",
      "name": "进货参谋",
      "font_class": "RectangleCopy55-copy",
      "unicode": "e923",
      "unicode_decimal": 59683
    },
    {
      "icon_id": "29422131",
      "name": "经销计划",
      "font_class": "RectangleCopy37-copy",
      "unicode": "e924",
      "unicode_decimal": 59684
    },
    {
      "icon_id": "29422132",
      "name": "经营分析",
      "font_class": "RectangleCopy51-copy",
      "unicode": "e925",
      "unicode_decimal": 59685
    },
    {
      "icon_id": "29422133",
      "name": "两季品",
      "font_class": "liangjipin-copy",
      "unicode": "e926",
      "unicode_decimal": 59686
    },
    {
      "icon_id": "29422134",
      "name": "目标管理",
      "font_class": "RectangleCopy71-copy",
      "unicode": "e927",
      "unicode_decimal": 59687
    },
    {
      "icon_id": "29422135",
      "name": "目标监控",
      "font_class": "RectangleCopy78-copy",
      "unicode": "e928",
      "unicode_decimal": 59688
    },
    {
      "icon_id": "29422136",
      "name": "目标制定",
      "font_class": "RectangleCopy72-copy",
      "unicode": "e929",
      "unicode_decimal": 59689
    },
    {
      "icon_id": "29422137",
      "name": "排期",
      "font_class": "RectangleCopy21-copy",
      "unicode": "e92a",
      "unicode_decimal": 59690
    },
    {
      "icon_id": "29422138",
      "name": "排期管理",
      "font_class": "RectangleCopy19-copy",
      "unicode": "e92b",
      "unicode_decimal": 59691
    },
    {
      "icon_id": "29422139",
      "name": "盘货系统",
      "font_class": "RectangleCopy65-copy",
      "unicode": "e92c",
      "unicode_decimal": 59692
    },
    {
      "icon_id": "29422140",
      "name": "配置管理",
      "font_class": "RectangleCopy25-copy",
      "unicode": "e92d",
      "unicode_decimal": 59693
    },
    {
      "icon_id": "29422141",
      "name": "品控",
      "font_class": "RectangleCopy14-copy",
      "unicode": "e92e",
      "unicode_decimal": 59694
    },
    {
      "icon_id": "29422142",
      "name": "品控管理",
      "font_class": "Change3-copy",
      "unicode": "e92f",
      "unicode_decimal": 59695
    },
    {
      "icon_id": "29422143",
      "name": "品类管理",
      "font_class": "RectangleCopy15-copy",
      "unicode": "e930",
      "unicode_decimal": 59696
    },
    {
      "icon_id": "29422144",
      "name": "品牌授权",
      "font_class": "RectangleCopy10-copy",
      "unicode": "e931",
      "unicode_decimal": 59697
    },
    {
      "icon_id": "29422145",
      "name": "品牌授权管理",
      "font_class": "RectangleCopy17-copy",
      "unicode": "e932",
      "unicode_decimal": 59698
    },
    {
      "icon_id": "29422146",
      "name": "前端商品毛利",
      "font_class": "RectangleCopy52-copy",
      "unicode": "e933",
      "unicode_decimal": 59699
    },
    {
      "icon_id": "29422147",
      "name": "清仓计划",
      "font_class": "RectangleCopy38-copy",
      "unicode": "e934",
      "unicode_decimal": 59700
    },
    {
      "icon_id": "29422148",
      "name": "清退计划",
      "font_class": "RectangleCopy35-copy",
      "unicode": "e935",
      "unicode_decimal": 59701
    },
    {
      "icon_id": "29422149",
      "name": "全链路可售",
      "font_class": "RectangleCopy87-copy",
      "unicode": "e936",
      "unicode_decimal": 59702
    },
    {
      "icon_id": "29422150",
      "name": "权益发放工具",
      "font_class": "RectangleCopy86-copy",
      "unicode": "e937",
      "unicode_decimal": 59703
    },
    {
      "icon_id": "29422151",
      "name": "权益管理",
      "font_class": "RectangleCopy24-copy",
      "unicode": "e938",
      "unicode_decimal": 59704
    },
    {
      "icon_id": "29422152",
      "name": "商家数据",
      "font_class": "RectangleCopy49-copy",
      "unicode": "e939",
      "unicode_decimal": 59705
    },
    {
      "icon_id": "29422153",
      "name": "商品计划",
      "font_class": "RectangleCopy32-copy",
      "unicode": "e93a",
      "unicode_decimal": 59706
    },
    {
      "icon_id": "29422154",
      "name": "上门取货",
      "font_class": "RectangleCopy90-copy",
      "unicode": "e93b",
      "unicode_decimal": 59707
    },
    {
      "icon_id": "29422155",
      "name": "生命周期",
      "font_class": "RectangleCopy23-copy",
      "unicode": "e93c",
      "unicode_decimal": 59708
    },
    {
      "icon_id": "29422156",
      "name": "生命周期管理",
      "font_class": "RectangleCopy18-copy",
      "unicode": "e93d",
      "unicode_decimal": 59709
    },
    {
      "icon_id": "29422157",
      "name": "实时看板",
      "font_class": "RectangleCopy59-copy",
      "unicode": "e93e",
      "unicode_decimal": 59710
    },
    {
      "icon_id": "29422158",
      "name": "实时预测",
      "font_class": "RectangleCopy57-copy",
      "unicode": "e93f",
      "unicode_decimal": 59711
    },
    {
      "icon_id": "29422159",
      "name": "数据分析",
      "font_class": "RectangleCopy50-copy",
      "unicode": "e940",
      "unicode_decimal": 59712
    },
    {
      "icon_id": "29422160",
      "name": "数据风控预警平台",
      "font_class": "RectangleCopy63-copy",
      "unicode": "e941",
      "unicode_decimal": 59713
    },
    {
      "icon_id": "29422161",
      "name": "数据管理",
      "font_class": "RectangleCopy47-copy",
      "unicode": "e942",
      "unicode_decimal": 59714
    },
    {
      "icon_id": "29422162",
      "name": "素材库",
      "font_class": "RectangleCopy91-copy",
      "unicode": "e943",
      "unicode_decimal": 59715
    },
    {
      "icon_id": "29422163",
      "name": "素材中心",
      "font_class": "RectangleCopy88-copy",
      "unicode": "e944",
      "unicode_decimal": 59716
    },
    {
      "icon_id": "29422164",
      "name": "贴纸计划",
      "font_class": "RectangleCopy30-copy",
      "unicode": "e945",
      "unicode_decimal": 59717
    },
    {
      "icon_id": "29422165",
      "name": "退仓计划",
      "font_class": "RectangleCopy33-copy",
      "unicode": "e946",
      "unicode_decimal": 59718
    },
    {
      "icon_id": "8106209",
      "name": "bluetooth off",
      "font_class": "bluetoothoff",
      "unicode": "e697",
      "unicode_decimal": 59031
    },
    {
      "icon_id": "8106210",
      "name": "bluetoothon",
      "font_class": "bluetoothon",
      "unicode": "e698",
      "unicode_decimal": 59032
    },
    {
      "icon_id": "8106211",
      "name": "camera",
      "font_class": "camera",
      "unicode": "e699",
      "unicode_decimal": 59033
    },
    {
      "icon_id": "8106212",
      "name": "course",
      "font_class": "course",
      "unicode": "e69a",
      "unicode_decimal": 59034
    },
    {
      "icon_id": "8106213",
      "name": "bluetooth_link",
      "font_class": "bluetooth_link",
      "unicode": "e69b",
      "unicode_decimal": 59035
    },
    {
      "icon_id": "8106214",
      "name": "addto",
      "font_class": "addto",
      "unicode": "e69c",
      "unicode_decimal": 59036
    },
    {
      "icon_id": "8106215",
      "name": "child",
      "font_class": "child",
      "unicode": "e69d",
      "unicode_decimal": 59037
    },
    {
      "icon_id": "8106216",
      "name": "audio",
      "font_class": "audio",
      "unicode": "e69e",
      "unicode_decimal": 59038
    },
    {
      "icon_id": "8106218",
      "name": "DND_mode",
      "font_class": "DND_mode",
      "unicode": "e747",
      "unicode_decimal": 59207
    },
    {
      "icon_id": "8106219",
      "name": "edit",
      "font_class": "edit",
      "unicode": "e748",
      "unicode_decimal": 59208
    },
    {
      "icon_id": "8106220",
      "name": "child2",
      "font_class": "child1",
      "unicode": "e749",
      "unicode_decimal": 59209
    },
    {
      "icon_id": "8106221",
      "name": "settings",
      "font_class": "settings",
      "unicode": "e74a",
      "unicode_decimal": 59210
    },
    {
      "icon_id": "8106222",
      "name": "bluray",
      "font_class": "bluray",
      "unicode": "e74b",
      "unicode_decimal": 59211
    },
    {
      "icon_id": "8106223",
      "name": "cancel",
      "font_class": "cancel",
      "unicode": "e74c",
      "unicode_decimal": 59212
    },
    {
      "icon_id": "8106224",
      "name": "down",
      "font_class": "down",
      "unicode": "e74d",
      "unicode_decimal": 59213
    },
    {
      "icon_id": "8106225",
      "name": "brightness",
      "font_class": "brightness",
      "unicode": "e74e",
      "unicode_decimal": 59214
    },
    {
      "icon_id": "8106226",
      "name": "musiclist",
      "font_class": "musiclist",
      "unicode": "e74f",
      "unicode_decimal": 59215
    },
    {
      "icon_id": "8106227",
      "name": "home",
      "font_class": "home",
      "unicode": "e750",
      "unicode_decimal": 59216
    },
    {
      "icon_id": "8106228",
      "name": "favoriteslist",
      "font_class": "favoriteslist",
      "unicode": "e751",
      "unicode_decimal": 59217
    },
    {
      "icon_id": "8106229",
      "name": "loop",
      "font_class": "loop",
      "unicode": "e752",
      "unicode_decimal": 59218
    },
    {
      "icon_id": "8106230",
      "name": "nextsong",
      "font_class": "nextsong",
      "unicode": "e753",
      "unicode_decimal": 59219
    },
    {
      "icon_id": "8106231",
      "name": "bottom",
      "font_class": "bottom",
      "unicode": "e754",
      "unicode_decimal": 59220
    },
    {
      "icon_id": "8106232",
      "name": "guarantee",
      "font_class": "guarantee",
      "unicode": "e755",
      "unicode_decimal": 59221
    },
    {
      "icon_id": "8106234",
      "name": "agreement",
      "font_class": "agreement",
      "unicode": "e756",
      "unicode_decimal": 59222
    },
    {
      "icon_id": "8106235",
      "name": "prevent",
      "font_class": "prevent",
      "unicode": "e757",
      "unicode_decimal": 59223
    },
    {
      "icon_id": "8106236",
      "name": "privacy2",
      "font_class": "privacy",
      "unicode": "e758",
      "unicode_decimal": 59224
    },
    {
      "icon_id": "8106237",
      "name": "play",
      "font_class": "play",
      "unicode": "e759",
      "unicode_decimal": 59225
    },
    {
      "icon_id": "8106238",
      "name": "brightness2",
      "font_class": "brightness1",
      "unicode": "e75a",
      "unicode_decimal": 59226
    },
    {
      "icon_id": "8106239",
      "name": "privac_open",
      "font_class": "privac_open",
      "unicode": "e75b",
      "unicode_decimal": 59227
    },
    {
      "icon_id": "8106240",
      "name": "conversation",
      "font_class": "conversation",
      "unicode": "e75c",
      "unicode_decimal": 59228
    },
    {
      "icon_id": "8106241",
      "name": "information",
      "font_class": "information",
      "unicode": "e75d",
      "unicode_decimal": 59229
    },
    {
      "icon_id": "8106242",
      "name": "answer",
      "font_class": "answer",
      "unicode": "e75e",
      "unicode_decimal": 59230
    },
    {
      "icon_id": "8106243",
      "name": "face",
      "font_class": "face",
      "unicode": "e75f",
      "unicode_decimal": 59231
    },
    {
      "icon_id": "8106244",
      "name": "protect",
      "font_class": "protect",
      "unicode": "e760",
      "unicode_decimal": 59232
    },
    {
      "icon_id": "8106245",
      "name": "close",
      "font_class": "close",
      "unicode": "e761",
      "unicode_decimal": 59233
    },
    {
      "icon_id": "8106246",
      "name": "nosignal",
      "font_class": "nosignal",
      "unicode": "e762",
      "unicode_decimal": 59234
    },
    {
      "icon_id": "8106247",
      "name": "refuse",
      "font_class": "refuse",
      "unicode": "e763",
      "unicode_decimal": 59235
    },
    {
      "icon_id": "8106248",
      "name": "selection",
      "font_class": "selection",
      "unicode": "e764",
      "unicode_decimal": 59236
    },
    {
      "icon_id": "8106249",
      "name": "previous",
      "font_class": "previous",
      "unicode": "e765",
      "unicode_decimal": 59237
    },
    {
      "icon_id": "8106250",
      "name": "Privacy",
      "font_class": "Privacy",
      "unicode": "e766",
      "unicode_decimal": 59238
    },
    {
      "icon_id": "8106251",
      "name": "increase",
      "font_class": "increase",
      "unicode": "e767",
      "unicode_decimal": 59239
    },
    {
      "icon_id": "8106252",
      "name": "music",
      "font_class": "music",
      "unicode": "e768",
      "unicode_decimal": 59240
    },
    {
      "icon_id": "8106253",
      "name": "save",
      "font_class": "save",
      "unicode": "e769",
      "unicode_decimal": 59241
    },
    {
      "icon_id": "8106254",
      "name": "singlecycle",
      "font_class": "singlecycle",
      "unicode": "e76a",
      "unicode_decimal": 59242
    },
    {
      "icon_id": "8106255",
      "name": "prompt",
      "font_class": "prompt",
      "unicode": "e76b",
      "unicode_decimal": 59243
    },
    {
      "icon_id": "8106256",
      "name": "Incoming_call",
      "font_class": "Incoming_call",
      "unicode": "e76c",
      "unicode_decimal": 59244
    },
    {
      "icon_id": "8106257",
      "name": "layered",
      "font_class": "layered",
      "unicode": "e76d",
      "unicode_decimal": 59245
    },
    {
      "icon_id": "8106258",
      "name": "collection",
      "font_class": "collection",
      "unicode": "e76e",
      "unicode_decimal": 59246
    },
    {
      "icon_id": "8106259",
      "name": "soundsize",
      "font_class": "soundsize",
      "unicode": "e76f",
      "unicode_decimal": 59247
    },
    {
      "icon_id": "8106260",
      "name": "upward",
      "font_class": "upward",
      "unicode": "e770",
      "unicode_decimal": 59248
    },
    {
      "icon_id": "8106261",
      "name": "vision",
      "font_class": "vision",
      "unicode": "e771",
      "unicode_decimal": 59249
    },
    {
      "icon_id": "8106262",
      "name": "top",
      "font_class": "top",
      "unicode": "e772",
      "unicode_decimal": 59250
    },
    {
      "icon_id": "8106263",
      "name": "history",
      "font_class": "history",
      "unicode": "e773",
      "unicode_decimal": 59251
    },
    {
      "icon_id": "8106264",
      "name": "shopping",
      "font_class": "shopping",
      "unicode": "e774",
      "unicode_decimal": 59252
    },
    {
      "icon_id": "8106265",
      "name": "turnvoice",
      "font_class": "turnvoice",
      "unicode": "e775",
      "unicode_decimal": 59253
    },
    {
      "icon_id": "8106266",
      "name": "locking",
      "font_class": "locking",
      "unicode": "e776",
      "unicode_decimal": 59254
    },
    {
      "icon_id": "8106267",
      "name": "restore",
      "font_class": "restore",
      "unicode": "e777",
      "unicode_decimal": 59255
    },
    {
      "icon_id": "8106268",
      "name": "night",
      "font_class": "night",
      "unicode": "e778",
      "unicode_decimal": 59256
    },
    {
      "icon_id": "8106269",
      "name": "safety",
      "font_class": "safety",
      "unicode": "e779",
      "unicode_decimal": 59257
    },
    {
      "icon_id": "8106270",
      "name": "phone",
      "font_class": "phone",
      "unicode": "e77a",
      "unicode_decimal": 59258
    },
    {
      "icon_id": "8106271",
      "name": "relationship",
      "font_class": "relationship",
      "unicode": "e77b",
      "unicode_decimal": 59259
    },
    {
      "icon_id": "8106272",
      "name": "next",
      "font_class": "next",
      "unicode": "e77c",
      "unicode_decimal": 59260
    },
    {
      "icon_id": "8106273",
      "name": "timeout",
      "font_class": "timeout",
      "unicode": "e77d",
      "unicode_decimal": 59261
    },
    {
      "icon_id": "8106274",
      "name": "video1",
      "font_class": "video",
      "unicode": "e77e",
      "unicode_decimal": 59262
    },
    {
      "icon_id": "8106275",
      "name": "refresh",
      "font_class": "refresh",
      "unicode": "e77f",
      "unicode_decimal": 59263
    },
    {
      "icon_id": "8106276",
      "name": "visible",
      "font_class": "visible",
      "unicode": "e780",
      "unicode_decimal": 59264
    },
    {
      "icon_id": "8106277",
      "name": "telephone",
      "font_class": "telephone",
      "unicode": "e781",
      "unicode_decimal": 59265
    },
    {
      "icon_id": "8106278",
      "name": "th_internet",
      "font_class": "th_internet",
      "unicode": "e782",
      "unicode_decimal": 59266
    },
    {
      "icon_id": "8106279",
      "name": "callout",
      "font_class": "callout",
      "unicode": "e783",
      "unicode_decimal": 59267
    },
    {
      "icon_id": "8106280",
      "name": "withdraw",
      "font_class": "withdraw",
      "unicode": "e784",
      "unicode_decimal": 59268
    },
    {
      "icon_id": "8106281",
      "name": "call",
      "font_class": "call",
      "unicode": "e785",
      "unicode_decimal": 59269
    },
    {
      "icon_id": "8106282",
      "name": "video2",
      "font_class": "video1",
      "unicode": "e786",
      "unicode_decimal": 59270
    },
    {
      "icon_id": "8106283",
      "name": "hangup",
      "font_class": "hangup",
      "unicode": "e787",
      "unicode_decimal": 59271
    },
    {
      "icon_id": "8106284",
      "name": "mute",
      "font_class": "mute",
      "unicode": "e788",
      "unicode_decimal": 59272
    },
    {
      "icon_id": "8106285",
      "name": "eye_protection",
      "font_class": "eye_protection",
      "unicode": "e789",
      "unicode_decimal": 59273
    },
    {
      "icon_id": "8106286",
      "name": "distance",
      "font_class": "distance",
      "unicode": "e78a",
      "unicode_decimal": 59274
    },
    {
      "icon_id": "8106287",
      "name": "voice",
      "font_class": "voice",
      "unicode": "e78b",
      "unicode_decimal": 59275
    },
    {
      "icon_id": "8106288",
      "name": "nickname",
      "font_class": "nickname",
      "unicode": "e78c",
      "unicode_decimal": 59276
    },
    {
      "icon_id": "8106290",
      "name": "payment",
      "font_class": "payment",
      "unicode": "e78d",
      "unicode_decimal": 59277
    },
    {
      "icon_id": "8106291",
      "name": "privacy_closed",
      "font_class": "privacy_closed",
      "unicode": "e78e",
      "unicode_decimal": 59278
    },
    {
      "icon_id": "8106292",
      "name": "movie",
      "font_class": "movie",
      "unicode": "e78f",
      "unicode_decimal": 59279
    },
    {
      "icon_id": "8106293",
      "name": "wifi",
      "font_class": "wifi",
      "unicode": "e790",
      "unicode_decimal": 59280
    },
    {
      "icon_id": "8106294",
      "name": "random",
      "font_class": "random",
      "unicode": "e791",
      "unicode_decimal": 59281
    },
    {
      "icon_id": "8106295",
      "name": "problem",
      "font_class": "problem",
      "unicode": "e792",
      "unicode_decimal": 59282
    },
    {
      "icon_id": "10670577",
      "name": "address",
      "font_class": "address",
      "unicode": "e793",
      "unicode_decimal": 59283
    },
    {
      "icon_id": "10678400",
      "name": "book resource",
      "font_class": "bookresource",
      "unicode": "e795",
      "unicode_decimal": 59285
    },
    {
      "icon_id": "10678401",
      "name": "back",
      "font_class": "back",
      "unicode": "e796",
      "unicode_decimal": 59286
    },
    {
      "icon_id": "10678402",
      "name": "check more",
      "font_class": "checkmore1",
      "unicode": "e797",
      "unicode_decimal": 59287
    },
    {
      "icon_id": "10678403",
      "name": "address list",
      "font_class": "addresslist",
      "unicode": "e798",
      "unicode_decimal": 59288
    },
    {
      "icon_id": "10678404",
      "name": "address",
      "font_class": "address1",
      "unicode": "e799",
      "unicode_decimal": 59289
    },
    {
      "icon_id": "10678406",
      "name": "cancel",
      "font_class": "cancel1",
      "unicode": "e79b",
      "unicode_decimal": 59291
    },
    {
      "icon_id": "10678407",
      "name": "close",
      "font_class": "close1",
      "unicode": "e79c",
      "unicode_decimal": 59292
    },
    {
      "icon_id": "10678408",
      "name": "clock",
      "font_class": "clock",
      "unicode": "e79d",
      "unicode_decimal": 59293
    },
    {
      "icon_id": "10678409",
      "name": "genie calling",
      "font_class": "geniecalling",
      "unicode": "e79e",
      "unicode_decimal": 59294
    },
    {
      "icon_id": "10678410",
      "name": "entertainment mark",
      "font_class": "entertainmentmark",
      "unicode": "e79f",
      "unicode_decimal": 59295
    },
    {
      "icon_id": "10678411",
      "name": "add meteo",
      "font_class": "addmeteo",
      "unicode": "e7a0",
      "unicode_decimal": 59296
    },
    {
      "icon_id": "10678412",
      "name": "evitare traffic",
      "font_class": "evitaretraffic",
      "unicode": "e7a1",
      "unicode_decimal": 59297
    },
    {
      "icon_id": "10678413",
      "name": "evitare payment",
      "font_class": "evitarepayment",
      "unicode": "e7a2",
      "unicode_decimal": 59298
    },
    {
      "icon_id": "10678414",
      "name": "genie clock",
      "font_class": "genieclock",
      "unicode": "e7a3",
      "unicode_decimal": 59299
    },
    {
      "icon_id": "10678415",
      "name": "highway first",
      "font_class": "highwayfirst",
      "unicode": "e7a4",
      "unicode_decimal": 59300
    },
    {
      "icon_id": "10678416",
      "name": "faimly album",
      "font_class": "faimlyalbum",
      "unicode": "e7a5",
      "unicode_decimal": 59301
    },
    {
      "icon_id": "10678417",
      "name": "genie SEC",
      "font_class": "genieSEC",
      "unicode": "e7a6",
      "unicode_decimal": 59302
    },
    {
      "icon_id": "10678418",
      "name": "info",
      "font_class": "info",
      "unicode": "e7a7",
      "unicode_decimal": 59303
    },
    {
      "icon_id": "10678419",
      "name": "genie community",
      "font_class": "geniecommunity",
      "unicode": "e7a8",
      "unicode_decimal": 59304
    },
    {
      "icon_id": "10678420",
      "name": "house care",
      "font_class": "housecare",
      "unicode": "e7a9",
      "unicode_decimal": 59305
    },
    {
      "icon_id": "10678421",
      "name": "marks",
      "font_class": "marks",
      "unicode": "e7aa",
      "unicode_decimal": 59306
    },
    {
      "icon_id": "10678422",
      "name": "info personal",
      "font_class": "infopersonal",
      "unicode": "e7ab",
      "unicode_decimal": 59307
    },
    {
      "icon_id": "10678423",
      "name": "calling robort",
      "font_class": "callingrobort",
      "unicode": "e7ac",
      "unicode_decimal": 59308
    },
    {
      "icon_id": "10678424",
      "name": "master ctrl",
      "font_class": "masterctrl",
      "unicode": "e7ad",
      "unicode_decimal": 59309
    },
    {
      "icon_id": "10678426",
      "name": "message",
      "font_class": "message",
      "unicode": "e7af",
      "unicode_decimal": 59311
    },
    {
      "icon_id": "10678427",
      "name": "light ctrl",
      "font_class": "lightctrl",
      "unicode": "e7b0",
      "unicode_decimal": 59312
    },
    {
      "icon_id": "10678428",
      "name": "mirror light ctrl",
      "font_class": "mirrorlightctrl",
      "unicode": "e7b1",
      "unicode_decimal": 59313
    },
    {
      "icon_id": "10678429",
      "name": "kids lock",
      "font_class": "kidslock",
      "unicode": "e7b2",
      "unicode_decimal": 59314
    },
    {
      "icon_id": "10678430",
      "name": "evitare highway",
      "font_class": "evitarehighway",
      "unicode": "e7b3",
      "unicode_decimal": 59315
    },
    {
      "icon_id": "10678432",
      "name": "group ctrl",
      "font_class": "groupctrl",
      "unicode": "e7b4",
      "unicode_decimal": 59316
    },
    {
      "icon_id": "10678433",
      "name": "mute mode",
      "font_class": "mutemode",
      "unicode": "e7b5",
      "unicode_decimal": 59317
    },
    {
      "icon_id": "10678434",
      "name": "search",
      "font_class": "search",
      "unicode": "e7b6",
      "unicode_decimal": 59318
    },
    {
      "icon_id": "10678435",
      "name": "huoyan",
      "font_class": "huoyan",
      "unicode": "e7b7",
      "unicode_decimal": 59319
    },
    {
      "icon_id": "10678436",
      "name": "payment life",
      "font_class": "paymentlife",
      "unicode": "e7b8",
      "unicode_decimal": 59320
    },
    {
      "icon_id": "10678437",
      "name": "step back",
      "font_class": "stepback",
      "unicode": "e7b9",
      "unicode_decimal": 59321
    },
    {
      "icon_id": "10678438",
      "name": "skin test",
      "font_class": "skintest",
      "unicode": "e7ba",
      "unicode_decimal": 59322
    },
    {
      "icon_id": "10678439",
      "name": "scan QR",
      "font_class": "scanQR",
      "unicode": "e7bb",
      "unicode_decimal": 59323
    },
    {
      "icon_id": "10678440",
      "name": "instruction",
      "font_class": "instruction",
      "unicode": "e7bc",
      "unicode_decimal": 59324
    },
    {
      "icon_id": "10678441",
      "name": "respond",
      "font_class": "respond",
      "unicode": "e7bd",
      "unicode_decimal": 59325
    },
    {
      "icon_id": "10678442",
      "name": "mask clock",
      "font_class": "maskclock",
      "unicode": "e7be",
      "unicode_decimal": 59326
    },
    {
      "icon_id": "10678443",
      "name": "MTR",
      "font_class": "MTR",
      "unicode": "e7bf",
      "unicode_decimal": 59327
    },
    {
      "icon_id": "10678444",
      "name": "suggestion",
      "font_class": "suggestion",
      "unicode": "e7c0",
      "unicode_decimal": 59328
    },
    {
      "icon_id": "10678445",
      "name": "queen mirror",
      "font_class": "queenmirror",
      "unicode": "e7c1",
      "unicode_decimal": 59329
    },
    {
      "icon_id": "10678446",
      "name": "phone bill",
      "font_class": "phonebill",
      "unicode": "e7c2",
      "unicode_decimal": 59330
    },
    {
      "icon_id": "10678447",
      "name": "voice memo",
      "font_class": "voicememo",
      "unicode": "e7c3",
      "unicode_decimal": 59331
    },
    {
      "icon_id": "10678448",
      "name": "scan read",
      "font_class": "scanread",
      "unicode": "e7c4",
      "unicode_decimal": 59332
    },
    {
      "icon_id": "10678449",
      "name": "schedule",
      "font_class": "schedule",
      "unicode": "e7c5",
      "unicode_decimal": 59333
    },
    {
      "icon_id": "10678450",
      "name": "tips money",
      "font_class": "tipsmoney",
      "unicode": "e7c6",
      "unicode_decimal": 59334
    },
    {
      "icon_id": "10678451",
      "name": "voice shopping",
      "font_class": "voiceshopping",
      "unicode": "e7c7",
      "unicode_decimal": 59335
    },
    {
      "icon_id": "10678452",
      "name": "to go",
      "font_class": "togo",
      "unicode": "e7c8",
      "unicode_decimal": 59336
    },
    {
      "icon_id": "10678453",
      "name": "voiceprint",
      "font_class": "voiceprint",
      "unicode": "e7c9",
      "unicode_decimal": 59337
    },
    {
      "icon_id": "10678454",
      "name": "xiami music",
      "font_class": "xiamimusic",
      "unicode": "e7ca",
      "unicode_decimal": 59338
    },
    {
      "icon_id": "10678455",
      "name": "sleep mode",
      "font_class": "sleepmode",
      "unicode": "e7cb",
      "unicode_decimal": 59339
    },
    {
      "icon_id": "10678456",
      "name": "Q&A",
      "font_class": "QA",
      "unicode": "e7cc",
      "unicode_decimal": 59340
    },
    {
      "icon_id": "10678457",
      "name": "volume",
      "font_class": "volume",
      "unicode": "e7cd",
      "unicode_decimal": 59341
    },
    {
      "icon_id": "12865651",
      "name": "cart",
      "font_class": "cart",
      "unicode": "e7ce",
      "unicode_decimal": 59342
    },
    {
      "icon_id": "12865653",
      "name": "check",
      "font_class": "check",
      "unicode": "e7d0",
      "unicode_decimal": 59344
    },
    {
      "icon_id": "12865654",
      "name": "birthday",
      "font_class": "birthday",
      "unicode": "e7d1",
      "unicode_decimal": 59345
    },
    {
      "icon_id": "12865655",
      "name": "device off",
      "font_class": "deviceoff",
      "unicode": "e7d2",
      "unicode_decimal": 59346
    },
    {
      "icon_id": "12865656",
      "name": "custom",
      "font_class": "custom",
      "unicode": "e7d3",
      "unicode_decimal": 59347
    },
    {
      "icon_id": "12865658",
      "name": "diffuser stop",
      "font_class": "diffuserstop",
      "unicode": "e7d5",
      "unicode_decimal": 59349
    },
    {
      "icon_id": "12865659",
      "name": "diffuser play",
      "font_class": "diffuserplay",
      "unicode": "e7d6",
      "unicode_decimal": 59350
    },
    {
      "icon_id": "12865660",
      "name": "connect device",
      "font_class": "connectdevice",
      "unicode": "e7d7",
      "unicode_decimal": 59351
    },
    {
      "icon_id": "12865661",
      "name": "cook",
      "font_class": "cook",
      "unicode": "e7d8",
      "unicode_decimal": 59352
    },
    {
      "icon_id": "12865663",
      "name": "device on",
      "font_class": "deviceon",
      "unicode": "e7da",
      "unicode_decimal": 59354
    },
    {
      "icon_id": "12865664",
      "name": "dinner",
      "font_class": "dinner",
      "unicode": "e7db",
      "unicode_decimal": 59355
    },
    {
      "icon_id": "12865665",
      "name": "done work",
      "font_class": "donework",
      "unicode": "e7dc",
      "unicode_decimal": 59356
    },
    {
      "icon_id": "12865666",
      "name": "dislike",
      "font_class": "dislike",
      "unicode": "e7dd",
      "unicode_decimal": 59357
    },
    {
      "icon_id": "12865667",
      "name": "get up",
      "font_class": "getup",
      "unicode": "e7de",
      "unicode_decimal": 59358
    },
    {
      "icon_id": "12865668",
      "name": "disconnect device",
      "font_class": "disconnectdevice",
      "unicode": "e7df",
      "unicode_decimal": 59359
    },
    {
      "icon_id": "12865669",
      "name": "get out",
      "font_class": "getout",
      "unicode": "e7e0",
      "unicode_decimal": 59360
    },
    {
      "icon_id": "12865670",
      "name": "guests",
      "font_class": "guests",
      "unicode": "e7e1",
      "unicode_decimal": 59361
    },
    {
      "icon_id": "12865671",
      "name": "feeding",
      "font_class": "feeding",
      "unicode": "e7e2",
      "unicode_decimal": 59362
    },
    {
      "icon_id": "12865672",
      "name": "like",
      "font_class": "like",
      "unicode": "e7e3",
      "unicode_decimal": 59363
    },
    {
      "icon_id": "12865673",
      "name": "mark",
      "font_class": "mark",
      "unicode": "e7e4",
      "unicode_decimal": 59364
    },
    {
      "icon_id": "12865674",
      "name": "good night",
      "font_class": "goodnight",
      "unicode": "e7e5",
      "unicode_decimal": 59365
    },
    {
      "icon_id": "12865675",
      "name": "meeting",
      "font_class": "meeting",
      "unicode": "e7e6",
      "unicode_decimal": 59366
    },
    {
      "icon_id": "12865676",
      "name": "house cleaning",
      "font_class": "housecleaning",
      "unicode": "e7e7",
      "unicode_decimal": 59367
    },
    {
      "icon_id": "12865677",
      "name": "go home",
      "font_class": "gohome",
      "unicode": "e7e8",
      "unicode_decimal": 59368
    },
    {
      "icon_id": "12865678",
      "name": "hot",
      "font_class": "hot",
      "unicode": "e7e9",
      "unicode_decimal": 59369
    },
    {
      "icon_id": "12865679",
      "name": "radio button unselect",
      "font_class": "radiobuttonunselect",
      "unicode": "e7ea",
      "unicode_decimal": 59370
    },
    {
      "icon_id": "12865680",
      "name": "menu",
      "font_class": "menu",
      "unicode": "e7eb",
      "unicode_decimal": 59371
    },
    {
      "icon_id": "12865682",
      "name": "record",
      "font_class": "record",
      "unicode": "e7ed",
      "unicode_decimal": 59373
    },
    {
      "icon_id": "12865683",
      "name": "meeting over",
      "font_class": "meetingover",
      "unicode": "e7ee",
      "unicode_decimal": 59374
    },
    {
      "icon_id": "12865684",
      "name": "microphone off",
      "font_class": "microphoneoff",
      "unicode": "e7ef",
      "unicode_decimal": 59375
    },
    {
      "icon_id": "12865685",
      "name": "share",
      "font_class": "share",
      "unicode": "e7f0",
      "unicode_decimal": 59376
    },
    {
      "icon_id": "12865686",
      "name": "singing",
      "font_class": "singing",
      "unicode": "e7f1",
      "unicode_decimal": 59377
    },
    {
      "icon_id": "12865687",
      "name": "series finale",
      "font_class": "seriesfinale",
      "unicode": "e7f2",
      "unicode_decimal": 59378
    },
    {
      "icon_id": "12865688",
      "name": "put baby to bed",
      "font_class": "putbabytobed",
      "unicode": "e7f3",
      "unicode_decimal": 59379
    },
    {
      "icon_id": "12865689",
      "name": "washing room",
      "font_class": "washingroom",
      "unicode": "e7f4",
      "unicode_decimal": 59380
    },
    {
      "icon_id": "12865690",
      "name": "wake up baby",
      "font_class": "wakeupbaby",
      "unicode": "e7f5",
      "unicode_decimal": 59381
    },
    {
      "icon_id": "12865691",
      "name": "watch series",
      "font_class": "watchseries",
      "unicode": "e7f6",
      "unicode_decimal": 59382
    },
    {
      "icon_id": "12865692",
      "name": "take a break",
      "font_class": "takeabreak",
      "unicode": "e7f7",
      "unicode_decimal": 59383
    },
    {
      "icon_id": "12865693",
      "name": "setting",
      "font_class": "setting",
      "unicode": "e7f8",
      "unicode_decimal": 59384
    },
    {
      "icon_id": "15838542",
      "name": "toggle-left",
      "font_class": "toggle-left",
      "unicode": "e79a",
      "unicode_decimal": 59290
    },
    {
      "icon_id": "15838543",
      "name": "toggle-right",
      "font_class": "toggle-right",
      "unicode": "e794",
      "unicode_decimal": 59284
    },
    {
      "icon_id": "12884752",
      "name": "翻译",
      "font_class": "fanyi",
      "unicode": "e64d",
      "unicode_decimal": 58957
    },
    {
      "icon_id": "12097687",
      "name": "刷新",
      "font_class": "shuaxin",
      "unicode": "e67c",
      "unicode_decimal": 59004
    },
    {
      "icon_id": "17816858",
      "name": "搜索",
      "font_class": "sousuo",
      "unicode": "e600",
      "unicode_decimal": 58880
    },
    {
      "icon_id": "1546583",
      "name": "筛选",
      "font_class": "shaixuan",
      "unicode": "e695",
      "unicode_decimal": 59029
    },
    {
      "icon_id": "16364331",
      "name": "上传",
      "font_class": "shangchuan",
      "unicode": "e635",
      "unicode_decimal": 58933
    },
    {
      "icon_id": "16364343",
      "name": "下载",
      "font_class": "xiazai",
      "unicode": "e638",
      "unicode_decimal": 58936
    },
    {
      "icon_id": "5485653",
      "name": "收起",
      "font_class": "shouqi",
      "unicode": "e614",
      "unicode_decimal": 58900
    },
    {
      "icon_id": "5485691",
      "name": "展开",
      "font_class": "zhankai",
      "unicode": "e62a",
      "unicode_decimal": 58922
    },
    {
      "icon_id": "7552213",
      "name": "出入库管理",
      "font_class": "RectangleCopy141",
      "unicode": "e72f",
      "unicode_decimal": 59183
    },
    {
      "icon_id": "7552214",
      "name": "清仓管理",
      "font_class": "RectangleCopy142",
      "unicode": "e730",
      "unicode_decimal": 59184
    },
    {
      "icon_id": "7552215",
      "name": "路由仓管理",
      "font_class": "RectangleCopy143",
      "unicode": "e731",
      "unicode_decimal": 59185
    },
    {
      "icon_id": "7552216",
      "name": "仓库健康指数管理",
      "font_class": "RectangleCopy144",
      "unicode": "e732",
      "unicode_decimal": 59186
    },
    {
      "icon_id": "7552217",
      "name": "退仓管理",
      "font_class": "RectangleCopy145",
      "unicode": "e733",
      "unicode_decimal": 59187
    },
    {
      "icon_id": "7552364",
      "name": "货品调拨管理",
      "font_class": "RectangleCopy146",
      "unicode": "e734",
      "unicode_decimal": 59188
    },
    {
      "icon_id": "7552365",
      "name": "补货",
      "font_class": "RectangleCopy147",
      "unicode": "e735",
      "unicode_decimal": 59189
    },
    {
      "icon_id": "7552366",
      "name": "盘或管理",
      "font_class": "RectangleCopy148",
      "unicode": "e736",
      "unicode_decimal": 59190
    },
    {
      "icon_id": "7552367",
      "name": "补货管理",
      "font_class": "RectangleCopy149",
      "unicode": "e737",
      "unicode_decimal": 59191
    },
    {
      "icon_id": "7552368",
      "name": "盘货",
      "font_class": "RectangleCopy150",
      "unicode": "e738",
      "unicode_decimal": 59192
    },
    {
      "icon_id": "7552369",
      "name": "询货",
      "font_class": "RectangleCopy151",
      "unicode": "e739",
      "unicode_decimal": 59193
    },
    {
      "icon_id": "7552370",
      "name": "货品调拨",
      "font_class": "RectangleCopy152",
      "unicode": "e73a",
      "unicode_decimal": 59194
    },
    {
      "icon_id": "7552371",
      "name": "备货",
      "font_class": "RectangleCopy153",
      "unicode": "e73b",
      "unicode_decimal": 59195
    },
    {
      "icon_id": "7552372",
      "name": "备货管理",
      "font_class": "RectangleCopy154",
      "unicode": "e73c",
      "unicode_decimal": 59196
    },
    {
      "icon_id": "7552373",
      "name": "进货",
      "font_class": "RectangleCopy155",
      "unicode": "e73d",
      "unicode_decimal": 59197
    },
    {
      "icon_id": "7552374",
      "name": "进货管理",
      "font_class": "RectangleCopy156",
      "unicode": "e73e",
      "unicode_decimal": 59198
    },
    {
      "icon_id": "7552375",
      "name": "货品择仓",
      "font_class": "RectangleCopy157",
      "unicode": "e73f",
      "unicode_decimal": 59199
    },
    {
      "icon_id": "7552377",
      "name": "询货管理",
      "font_class": "RectangleCopy158",
      "unicode": "e740",
      "unicode_decimal": 59200
    },
    {
      "icon_id": "7552379",
      "name": "新品发布",
      "font_class": "RectangleCopy159",
      "unicode": "e741",
      "unicode_decimal": 59201
    },
    {
      "icon_id": "7552380",
      "name": "智能选品",
      "font_class": "RectangleCopy160",
      "unicode": "e742",
      "unicode_decimal": 59202
    },
    {
      "icon_id": "7552535",
      "name": "货品分层",
      "font_class": "RectangleCopy161",
      "unicode": "e743",
      "unicode_decimal": 59203
    },
    {
      "icon_id": "7552645",
      "name": "品类规划",
      "font_class": "RectangleCopy162",
      "unicode": "e744",
      "unicode_decimal": 59204
    },
    {
      "icon_id": "7552700",
      "name": "智慧营销",
      "font_class": "RectangleCopy163",
      "unicode": "e745",
      "unicode_decimal": 59205
    },
    {
      "icon_id": "7552701",
      "name": "智慧销售",
      "font_class": "RectangleCopy164",
      "unicode": "e746",
      "unicode_decimal": 59206
    },
    {
      "icon_id": "7551130",
      "name": "分销商",
      "font_class": "RectangleCopy64",
      "unicode": "e6e2",
      "unicode_decimal": 59106
    },
    {
      "icon_id": "7551131",
      "name": "用户管理",
      "font_class": "RectangleCopy65",
      "unicode": "e6e3",
      "unicode_decimal": 59107
    },
    {
      "icon_id": "7551132",
      "name": "人群",
      "font_class": "RectangleCopy66",
      "unicode": "e6e4",
      "unicode_decimal": 59108
    },
    {
      "icon_id": "7551133",
      "name": "人群管理",
      "font_class": "RectangleCopy67",
      "unicode": "e6e5",
      "unicode_decimal": 59109
    },
    {
      "icon_id": "7551134",
      "name": "商家管理",
      "font_class": "RectangleCopy68",
      "unicode": "e6e6",
      "unicode_decimal": 59110
    },
    {
      "icon_id": "7551135",
      "name": "分销商管理",
      "font_class": "RectangleCopy69",
      "unicode": "e6e7",
      "unicode_decimal": 59111
    },
    {
      "icon_id": "7551136",
      "name": "商家",
      "font_class": "RectangleCopy70",
      "unicode": "e6e8",
      "unicode_decimal": 59112
    },
    {
      "icon_id": "7551137",
      "name": "供应商管理",
      "font_class": "RectangleCopy71",
      "unicode": "e6e9",
      "unicode_decimal": 59113
    },
    {
      "icon_id": "7551213",
      "name": "商品管理",
      "font_class": "RectangleCopy72",
      "unicode": "e6ea",
      "unicode_decimal": 59114
    },
    {
      "icon_id": "7551214",
      "name": "商品备案",
      "font_class": "RectangleCopy73",
      "unicode": "e6eb",
      "unicode_decimal": 59115
    },
    {
      "icon_id": "7551215",
      "name": "商品发布管理",
      "font_class": "RectangleCopy74",
      "unicode": "e6ec",
      "unicode_decimal": 59116
    },
    {
      "icon_id": "7551216",
      "name": "商品复制管理",
      "font_class": "RectangleCopy75",
      "unicode": "e6ed",
      "unicode_decimal": 59117
    },
    {
      "icon_id": "7551217",
      "name": "商品复制",
      "font_class": "RectangleCopy76",
      "unicode": "e6ee",
      "unicode_decimal": 59118
    },
    {
      "icon_id": "7551218",
      "name": "爆款商品",
      "font_class": "RectangleCopy77",
      "unicode": "e6ef",
      "unicode_decimal": 59119
    },
    {
      "icon_id": "7551219",
      "name": "商品备案管理",
      "font_class": "RectangleCopy78",
      "unicode": "e6f0",
      "unicode_decimal": 59120
    },
    {
      "icon_id": "7551220",
      "name": "选品",
      "font_class": "RectangleCopy79",
      "unicode": "e6f1",
      "unicode_decimal": 59121
    },
    {
      "icon_id": "7551346",
      "name": "采购单",
      "font_class": "RectangleCopy80",
      "unicode": "e6f2",
      "unicode_decimal": 59122
    },
    {
      "icon_id": "7551347",
      "name": "采购价",
      "font_class": "RectangleCopy81",
      "unicode": "e6f3",
      "unicode_decimal": 59123
    },
    {
      "icon_id": "7551348",
      "name": "采购管理",
      "font_class": "RectangleCopy82",
      "unicode": "e6f4",
      "unicode_decimal": 59124
    },
    {
      "icon_id": "7551349",
      "name": "采购价管理",
      "font_class": "RectangleCopy83",
      "unicode": "e6f5",
      "unicode_decimal": 59125
    },
    {
      "icon_id": "7551350",
      "name": "资源订购",
      "font_class": "RectangleCopy84",
      "unicode": "e6f6",
      "unicode_decimal": 59126
    },
    {
      "icon_id": "7551351",
      "name": "采购单管理",
      "font_class": "RectangleCopy85",
      "unicode": "e6f7",
      "unicode_decimal": 59127
    },
    {
      "icon_id": "7551352",
      "name": "预约采购管理",
      "font_class": "RectangleCopy86",
      "unicode": "e6f8",
      "unicode_decimal": 59128
    },
    {
      "icon_id": "7551353",
      "name": "采购计划",
      "font_class": "RectangleCopy87",
      "unicode": "e6f9",
      "unicode_decimal": 59129
    },
    {
      "icon_id": "7551354",
      "name": "资源订购管理",
      "font_class": "RectangleCopy88",
      "unicode": "e6fa",
      "unicode_decimal": 59130
    },
    {
      "icon_id": "7551355",
      "name": "预约采购",
      "font_class": "RectangleCopy89",
      "unicode": "e6fb",
      "unicode_decimal": 59131
    },
    {
      "icon_id": "7551356",
      "name": "采购计划管理",
      "font_class": "RectangleCopy90",
      "unicode": "e6fc",
      "unicode_decimal": 59132
    },
    {
      "icon_id": "7551477",
      "name": "定价",
      "font_class": "RectangleCopy91",
      "unicode": "e6fd",
      "unicode_decimal": 59133
    },
    {
      "icon_id": "7551478",
      "name": "定价管理",
      "font_class": "RectangleCopy92",
      "unicode": "e6fe",
      "unicode_decimal": 59134
    },
    {
      "icon_id": "7551479",
      "name": "结算",
      "font_class": "RectangleCopy93",
      "unicode": "e6ff",
      "unicode_decimal": 59135
    },
    {
      "icon_id": "7551480",
      "name": "结算报表",
      "font_class": "RectangleCopy94",
      "unicode": "e700",
      "unicode_decimal": 59136
    },
    {
      "icon_id": "7551481",
      "name": "结算单",
      "font_class": "RectangleCopy95",
      "unicode": "e701",
      "unicode_decimal": 59137
    },
    {
      "icon_id": "7551482",
      "name": "结算管理",
      "font_class": "RectangleCopy96",
      "unicode": "e702",
      "unicode_decimal": 59138
    },
    {
      "icon_id": "7551483",
      "name": "返利规则",
      "font_class": "RectangleCopy97",
      "unicode": "e703",
      "unicode_decimal": 59139
    },
    {
      "icon_id": "7551484",
      "name": "月结",
      "font_class": "RectangleCopy98",
      "unicode": "e704",
      "unicode_decimal": 59140
    },
    {
      "icon_id": "7551485",
      "name": "结算单管理",
      "font_class": "RectangleCopy99",
      "unicode": "e705",
      "unicode_decimal": 59141
    },
    {
      "icon_id": "7551486",
      "name": "结算报表",
      "font_class": "RectangleCopy100",
      "unicode": "e706",
      "unicode_decimal": 59142
    },
    {
      "icon_id": "7551487",
      "name": "返利规则管理",
      "font_class": "RectangleCopy101",
      "unicode": "e707",
      "unicode_decimal": 59143
    },
    {
      "icon_id": "7551488",
      "name": "月结管理",
      "font_class": "RectangleCopy102",
      "unicode": "e708",
      "unicode_decimal": 59144
    },
    {
      "icon_id": "7551804",
      "name": "单据管理",
      "font_class": "RectangleCopy103",
      "unicode": "e709",
      "unicode_decimal": 59145
    },
    {
      "icon_id": "7551805",
      "name": "头程单",
      "font_class": "RectangleCopy104",
      "unicode": "e70a",
      "unicode_decimal": 59146
    },
    {
      "icon_id": "7551806",
      "name": "退仓单",
      "font_class": "RectangleCopy105",
      "unicode": "e70b",
      "unicode_decimal": 59147
    },
    {
      "icon_id": "7551807",
      "name": "退仓单管理",
      "font_class": "RectangleCopy106",
      "unicode": "e70c",
      "unicode_decimal": 59148
    },
    {
      "icon_id": "7551808",
      "name": "头程单管理",
      "font_class": "RectangleCopy107",
      "unicode": "e70d",
      "unicode_decimal": 59149
    },
    {
      "icon_id": "7551809",
      "name": "调拨单",
      "font_class": "RectangleCopy108",
      "unicode": "e70e",
      "unicode_decimal": 59150
    },
    {
      "icon_id": "7551810",
      "name": "报废单",
      "font_class": "RectangleCopy109",
      "unicode": "e70f",
      "unicode_decimal": 59151
    },
    {
      "icon_id": "7551811",
      "name": "调拨单管理",
      "font_class": "RectangleCopy110",
      "unicode": "e710",
      "unicode_decimal": 59152
    },
    {
      "icon_id": "7551812",
      "name": "退货单",
      "font_class": "RectangleCopy111",
      "unicode": "e711",
      "unicode_decimal": 59153
    },
    {
      "icon_id": "7551814",
      "name": "报表管理",
      "font_class": "RectangleCopy112",
      "unicode": "e712",
      "unicode_decimal": 59154
    },
    {
      "icon_id": "7551815",
      "name": "报废单管理",
      "font_class": "RectangleCopy113",
      "unicode": "e713",
      "unicode_decimal": 59155
    },
    {
      "icon_id": "7551816",
      "name": "在途报表",
      "font_class": "RectangleCopy114",
      "unicode": "e714",
      "unicode_decimal": 59156
    },
    {
      "icon_id": "7551817",
      "name": "进销存报表管理",
      "font_class": "RectangleCopy115",
      "unicode": "e715",
      "unicode_decimal": 59157
    },
    {
      "icon_id": "7551818",
      "name": "进销存报表",
      "font_class": "RectangleCopy116",
      "unicode": "e716",
      "unicode_decimal": 59158
    },
    {
      "icon_id": "7551819",
      "name": "在途报表管理",
      "font_class": "RectangleCopy117",
      "unicode": "e717",
      "unicode_decimal": 59159
    },
    {
      "icon_id": "7551988",
      "name": "退货单管理",
      "font_class": "RectangleCopy118",
      "unicode": "e718",
      "unicode_decimal": 59160
    },
    {
      "icon_id": "7552030",
      "name": "渠道管理",
      "font_class": "RectangleCopy119",
      "unicode": "e719",
      "unicode_decimal": 59161
    },
    {
      "icon_id": "7552031",
      "name": "渠道分货",
      "font_class": "RectangleCopy120",
      "unicode": "e71a",
      "unicode_decimal": 59162
    },
    {
      "icon_id": "7552032",
      "name": "渠道销售",
      "font_class": "RectangleCopy121",
      "unicode": "e71b",
      "unicode_decimal": 59163
    },
    {
      "icon_id": "7552033",
      "name": "渠道退货",
      "font_class": "RectangleCopy122",
      "unicode": "e71c",
      "unicode_decimal": 59164
    },
    {
      "icon_id": "7552034",
      "name": "调拨管理",
      "font_class": "RectangleCopy123",
      "unicode": "e71d",
      "unicode_decimal": 59165
    },
    {
      "icon_id": "7552035",
      "name": "调拨差异",
      "font_class": "RectangleCopy124",
      "unicode": "e71e",
      "unicode_decimal": 59166
    },
    {
      "icon_id": "7552036",
      "name": "调拨执行",
      "font_class": "RectangleCopy125",
      "unicode": "e71f",
      "unicode_decimal": 59167
    },
    {
      "icon_id": "7552198",
      "name": "入库",
      "font_class": "RectangleCopy126",
      "unicode": "e720",
      "unicode_decimal": 59168
    },
    {
      "icon_id": "7552199",
      "name": "库存管理",
      "font_class": "RectangleCopy127",
      "unicode": "e721",
      "unicode_decimal": 59169
    },
    {
      "icon_id": "7552200",
      "name": "库存",
      "font_class": "RectangleCopy128",
      "unicode": "e722",
      "unicode_decimal": 59170
    },
    {
      "icon_id": "7552201",
      "name": "渠道库存管理",
      "font_class": "RectangleCopy129",
      "unicode": "e723",
      "unicode_decimal": 59171
    },
    {
      "icon_id": "7552202",
      "name": "入库管理",
      "font_class": "RectangleCopy130",
      "unicode": "e724",
      "unicode_decimal": 59172
    },
    {
      "icon_id": "7552203",
      "name": "出入库",
      "font_class": "RectangleCopy131",
      "unicode": "e725",
      "unicode_decimal": 59173
    },
    {
      "icon_id": "7552204",
      "name": "渠道库存",
      "font_class": "RectangleCopy132",
      "unicode": "e726",
      "unicode_decimal": 59174
    },
    {
      "icon_id": "7552205",
      "name": "库存保障",
      "font_class": "RectangleCopy133",
      "unicode": "e727",
      "unicode_decimal": 59175
    },
    {
      "icon_id": "7552206",
      "name": "路由仓",
      "font_class": "RectangleCopy134",
      "unicode": "e728",
      "unicode_decimal": 59176
    },
    {
      "icon_id": "7552207",
      "name": "清仓",
      "font_class": "RectangleCopy135",
      "unicode": "e729",
      "unicode_decimal": 59177
    },
    {
      "icon_id": "7552208",
      "name": "库存健康",
      "font_class": "RectangleCopy136",
      "unicode": "e72a",
      "unicode_decimal": 59178
    },
    {
      "icon_id": "7552209",
      "name": "退仓",
      "font_class": "RectangleCopy137",
      "unicode": "e72b",
      "unicode_decimal": 59179
    },
    {
      "icon_id": "7552210",
      "name": "库存健康指数",
      "font_class": "RectangleCopy138",
      "unicode": "e72c",
      "unicode_decimal": 59180
    },
    {
      "icon_id": "7552211",
      "name": "库存健康管理",
      "font_class": "RectangleCopy139",
      "unicode": "e72d",
      "unicode_decimal": 59181
    },
    {
      "icon_id": "7552212",
      "name": "库存保障管理",
      "font_class": "RectangleCopy140",
      "unicode": "e72e",
      "unicode_decimal": 59182
    },
    {
      "icon_id": "7548848",
      "name": "减",
      "font_class": "jian",
      "unicode": "e6a0",
      "unicode_decimal": 59040
    },
    {
      "icon_id": "7549346",
      "name": "关闭",
      "font_class": "RectangleCopy",
      "unicode": "e6a1",
      "unicode_decimal": 59041
    },
    {
      "icon_id": "7549347",
      "name": "完成",
      "font_class": "RectangleCopy1",
      "unicode": "e6a2",
      "unicode_decimal": 59042
    },
    {
      "icon_id": "7549348",
      "name": "搜索",
      "font_class": "RectangleCopy2",
      "unicode": "e6a3",
      "unicode_decimal": 59043
    },
    {
      "icon_id": "7549349",
      "name": "消息",
      "font_class": "RectangleCopy3",
      "unicode": "e6a4",
      "unicode_decimal": 59044
    },
    {
      "icon_id": "7549350",
      "name": "用户",
      "font_class": "RectangleCopy4",
      "unicode": "e6a5",
      "unicode_decimal": 59045
    },
    {
      "icon_id": "7549351",
      "name": "安全",
      "font_class": "RectangleCopy5",
      "unicode": "e6a6",
      "unicode_decimal": 59046
    },
    {
      "icon_id": "7549352",
      "name": "数据",
      "font_class": "RectangleCopy6",
      "unicode": "e6a7",
      "unicode_decimal": 59047
    },
    {
      "icon_id": "7549353",
      "name": "疑问",
      "font_class": "RectangleCopy7",
      "unicode": "e6a8",
      "unicode_decimal": 59048
    },
    {
      "icon_id": "7549354",
      "name": "能力",
      "font_class": "RectangleCopy8",
      "unicode": "e6a9",
      "unicode_decimal": 59049
    },
    {
      "icon_id": "7549355",
      "name": "调拨",
      "font_class": "RectangleCopy9",
      "unicode": "e6aa",
      "unicode_decimal": 59050
    },
    {
      "icon_id": "7549356",
      "name": "下拉",
      "font_class": "RectangleCopy10",
      "unicode": "e6ab",
      "unicode_decimal": 59051
    },
    {
      "icon_id": "7549357",
      "name": "注意",
      "font_class": "RectangleCopy11",
      "unicode": "e6ac",
      "unicode_decimal": 59052
    },
    {
      "icon_id": "7549358",
      "name": "流量",
      "font_class": "RectangleCopy12",
      "unicode": "e6ad",
      "unicode_decimal": 59053
    },
    {
      "icon_id": "7549359",
      "name": "拒绝",
      "font_class": "RectangleCopy13",
      "unicode": "e6ae",
      "unicode_decimal": 59054
    },
    {
      "icon_id": "7549360",
      "name": "收起",
      "font_class": "RectangleCopy14",
      "unicode": "e6af",
      "unicode_decimal": 59055
    },
    {
      "icon_id": "7549361",
      "name": "监控",
      "font_class": "RectangleCopy15",
      "unicode": "e6b0",
      "unicode_decimal": 59056
    },
    {
      "icon_id": "7549362",
      "name": "设置/管理",
      "font_class": "RectangleCopy16",
      "unicode": "e6b1",
      "unicode_decimal": 59057
    },
    {
      "icon_id": "7549363",
      "name": "价格",
      "font_class": "RectangleCopy17",
      "unicode": "e6b2",
      "unicode_decimal": 59058
    },
    {
      "icon_id": "7549364",
      "name": "协同",
      "font_class": "RectangleCopy18",
      "unicode": "e6b3",
      "unicode_decimal": 59059
    },
    {
      "icon_id": "7549365",
      "name": "减",
      "font_class": "Rectangle",
      "unicode": "e6b4",
      "unicode_decimal": 59060
    },
    {
      "icon_id": "7549366",
      "name": "健康",
      "font_class": "RectangleCopy19",
      "unicode": "e6b5",
      "unicode_decimal": 59061
    },
    {
      "icon_id": "7549367",
      "name": "加",
      "font_class": "RectangleCopy20",
      "unicode": "e6b6",
      "unicode_decimal": 59062
    },
    {
      "icon_id": "7549368",
      "name": "逆向",
      "font_class": "RectangleCopy21",
      "unicode": "e6b7",
      "unicode_decimal": 59063
    },
    {
      "icon_id": "7549369",
      "name": "关闭",
      "font_class": "RectangleCopy22",
      "unicode": "e6b8",
      "unicode_decimal": 59064
    },
    {
      "icon_id": "7549370",
      "name": "目标",
      "font_class": "RectangleCopy23",
      "unicode": "e6b9",
      "unicode_decimal": 59065
    },
    {
      "icon_id": "7549371",
      "name": "正向",
      "font_class": "RectangleCopy24",
      "unicode": "e6ba",
      "unicode_decimal": 59066
    },
    {
      "icon_id": "7549372",
      "name": "智慧",
      "font_class": "RectangleCopy25",
      "unicode": "e6bb",
      "unicode_decimal": 59067
    },
    {
      "icon_id": "7549373",
      "name": "招商",
      "font_class": "RectangleCopy26",
      "unicode": "e6bc",
      "unicode_decimal": 59068
    },
    {
      "icon_id": "7549816",
      "name": "商品",
      "font_class": "RectangleCopy27",
      "unicode": "e6bd",
      "unicode_decimal": 59069
    },
    {
      "icon_id": "7549817",
      "name": "单据",
      "font_class": "RectangleCopy28",
      "unicode": "e6be",
      "unicode_decimal": 59070
    },
    {
      "icon_id": "7549818",
      "name": "锁",
      "font_class": "RectangleCopy29",
      "unicode": "e6bf",
      "unicode_decimal": 59071
    },
    {
      "icon_id": "7549819",
      "name": "报表",
      "font_class": "RectangleCopy30",
      "unicode": "e6c0",
      "unicode_decimal": 59072
    },
    {
      "icon_id": "7549820",
      "name": "渠道",
      "font_class": "RectangleCopy31",
      "unicode": "e6c1",
      "unicode_decimal": 59073
    },
    {
      "icon_id": "7549822",
      "name": "采购",
      "font_class": "RectangleCopy32",
      "unicode": "e6c2",
      "unicode_decimal": 59074
    },
    {
      "icon_id": "7549823",
      "name": "价格",
      "font_class": "RectangleCopy33",
      "unicode": "e6c3",
      "unicode_decimal": 59075
    },
    {
      "icon_id": "7549824",
      "name": "仓库",
      "font_class": "RectangleCopy34",
      "unicode": "e6c4",
      "unicode_decimal": 59076
    },
    {
      "icon_id": "7549825",
      "name": "日历",
      "font_class": "RectangleCopy35",
      "unicode": "e6c5",
      "unicode_decimal": 59077
    },
    {
      "icon_id": "7549826",
      "name": "上升",
      "font_class": "RectangleCopy36",
      "unicode": "e6c6",
      "unicode_decimal": 59078
    },
    {
      "icon_id": "7549827",
      "name": "发布",
      "font_class": "RectangleCopy37",
      "unicode": "e6c7",
      "unicode_decimal": 59079
    },
    {
      "icon_id": "7549828",
      "name": "工具箱",
      "font_class": "RectangleCopy38",
      "unicode": "e6c8",
      "unicode_decimal": 59080
    },
    {
      "icon_id": "7549829",
      "name": "进出",
      "font_class": "RectangleCopy39",
      "unicode": "e6c9",
      "unicode_decimal": 59081
    },
    {
      "icon_id": "7549830",
      "name": "解锁",
      "font_class": "RectangleCopy40",
      "unicode": "e6ca",
      "unicode_decimal": 59082
    },
    {
      "icon_id": "7549831",
      "name": "删除",
      "font_class": "RectangleCopy41",
      "unicode": "e6cb",
      "unicode_decimal": 59083
    },
    {
      "icon_id": "7549832",
      "name": "券",
      "font_class": "RectangleCopy42",
      "unicode": "e6cc",
      "unicode_decimal": 59084
    },
    {
      "icon_id": "7549833",
      "name": "指标",
      "font_class": "RectangleCopy43",
      "unicode": "e6cd",
      "unicode_decimal": 59085
    },
    {
      "icon_id": "7549834",
      "name": "结构",
      "font_class": "RectangleCopy44",
      "unicode": "e6ce",
      "unicode_decimal": 59086
    },
    {
      "icon_id": "7549835",
      "name": "公告",
      "font_class": "RectangleCopy45",
      "unicode": "e6cf",
      "unicode_decimal": 59087
    },
    {
      "icon_id": "7549836",
      "name": "对话",
      "font_class": "RectangleCopy46",
      "unicode": "e6d0",
      "unicode_decimal": 59088
    },
    {
      "icon_id": "7549837",
      "name": "工具",
      "font_class": "RectangleCopy47",
      "unicode": "e6d1",
      "unicode_decimal": 59089
    },
    {
      "icon_id": "7549838",
      "name": "进/补",
      "font_class": "RectangleCopy48",
      "unicode": "e6d2",
      "unicode_decimal": 59090
    },
    {
      "icon_id": "7549839",
      "name": "看板",
      "font_class": "RectangleCopy49",
      "unicode": "e6d3",
      "unicode_decimal": 59091
    },
    {
      "icon_id": "7549840",
      "name": "活动",
      "font_class": "RectangleCopy50",
      "unicode": "e6d4",
      "unicode_decimal": 59092
    },
    {
      "icon_id": "7549841",
      "name": "列表",
      "font_class": "RectangleCopy51",
      "unicode": "e6d5",
      "unicode_decimal": 59093
    },
    {
      "icon_id": "7549842",
      "name": "平台",
      "font_class": "RectangleCopy52",
      "unicode": "e6d6",
      "unicode_decimal": 59094
    },
    {
      "icon_id": "7549843",
      "name": "图片",
      "font_class": "RectangleCopy53",
      "unicode": "e6d7",
      "unicode_decimal": 59095
    },
    {
      "icon_id": "7549844",
      "name": "运营",
      "font_class": "RectangleCopy54",
      "unicode": "e6d8",
      "unicode_decimal": 59096
    },
    {
      "icon_id": "7549845",
      "name": "经销",
      "font_class": "RectangleCopy55",
      "unicode": "e6d9",
      "unicode_decimal": 59097
    },
    {
      "icon_id": "7549846",
      "name": "中枢",
      "font_class": "RectangleCopy56",
      "unicode": "e6da",
      "unicode_decimal": 59098
    },
    {
      "icon_id": "7549847",
      "name": "服务",
      "font_class": "RectangleCopy57",
      "unicode": "e6db",
      "unicode_decimal": 59099
    },
    {
      "icon_id": "7549848",
      "name": "目录",
      "font_class": "RectangleCopy58",
      "unicode": "e6dc",
      "unicode_decimal": 59100
    },
    {
      "icon_id": "7549849",
      "name": "权益",
      "font_class": "RectangleCopy59",
      "unicode": "e6dd",
      "unicode_decimal": 59101
    },
    {
      "icon_id": "7549850",
      "name": "配置",
      "font_class": "RectangleCopy60",
      "unicode": "e6de",
      "unicode_decimal": 59102
    },
    {
      "icon_id": "7549851",
      "name": "资源",
      "font_class": "RectangleCopy61",
      "unicode": "e6df",
      "unicode_decimal": 59103
    },
    {
      "icon_id": "7550034",
      "name": "货",
      "font_class": "RectangleCopy62",
      "unicode": "e6e0",
      "unicode_decimal": 59104
    },
    {
      "icon_id": "7551129",
      "name": "供应商",
      "font_class": "RectangleCopy63",
      "unicode": "e6e1",
      "unicode_decimal": 59105
    }
  ]
}
